2023-03-06 15:12:57.967420,1,3.232507129510244,3.1203724145889282,[0.2378883880181802 0.21014059717378572],0.22401449259598297,0.0005
2023-03-06 15:13:33.730586,2,3.02855650583903,2.961840867996216,[0.39538197120529706 0.39341511659392453],0.3943985438996108,0.0005
2023-03-06 15:14:09.287701,3,2.8788304527600608,2.8870086073875427,[0.5085104280390016 0.49145656562416223],0.49998349683158194,0.0005
2023-03-06 15:14:45.342453,4,2.8565019369125366,2.8233878016471863,[0.5854793554913046 0.5574040304858091],0.5714416929885568,0.0005
2023-03-06 15:15:21.058835,5,2.7646101117134094,2.762960731983185,[0.5812792511700468 0.5648957231578662],0.5730874871639564,0.0005
2023-03-06 15:15:58.729093,6,2.664198954900106,2.699632227420807,[0.6124695979779675 0.5935716869424981],0.6030206424602328,0.0005
2023-03-06 15:16:36.856257,7,2.628706614176432,2.6483951807022095,[0.609264416120753 0.5648156828982621],0.5870400495095076,0.0005
2023-03-06 15:17:10.490471,8,2.565063019593557,2.595212161540985,[0.5581518421583499 0.5252024502921988],0.5416771462252743,0.0005
2023-03-06 15:17:46.762432,9,2.552769402662913,2.526668429374695,[0.6484563583873884 0.6606385586370751],0.6545474585122317,0.0005
2023-03-06 15:18:20.490077,10,2.4676842292149863,2.474932014942169,[0.6509412134820988 0.666656467216417],0.658798840349258,0.0005
2023-03-06 15:18:57.905310,11,2.429377337296804,2.421649158000946,[0.6416912497234911 0.6357731220483247],0.6387321858859079,0.0005
2023-03-06 15:19:33.265527,12,2.350293000539144,2.3708499670028687,[0.6582022414800884 0.6624501590506421],0.6603262002653653,0.0005
2023-03-06 15:20:06.235435,13,2.345870097478231,2.319355607032776,[0.6324878987310846 0.6563417557255573],0.644414827228321,0.0005
2023-03-06 15:20:41.372732,14,2.257636080185572,2.263145625591278,[0.6553709203538414 0.6603671706263499],0.6578690454900956,0.0005
2023-03-06 15:21:14.172206,15,2.1838983496030173,2.217670202255249,[0.6400705126205111 0.6367157074524341],0.6383931100364726,0.0005
2023-03-06 15:21:46.630485,16,2.114856113990148,2.163896083831787,[0.6651160093554893 0.6690011087788336],0.6670585590671614,0.0005
2023-03-06 15:22:23.799671,17,2.112383077541987,2.116118311882019,[0.7165685540746711 0.7116917061561019],0.7141301301153865,0.0005
2023-03-06 15:22:59.533330,18,2.0163586338361106,2.0814022421836853,[0.618196802909078 0.6224998473359755],0.6203483251225268,0.0005
2023-03-06 15:23:35.545626,19,2.0697918633619943,2.037569999694824,[0.701391290571258 0.7042465585054081],0.7028189245383331,0.0005
2023-03-06 15:24:10.029436,20,1.869556764761607,1.9841178953647614,[0.6400942217123998 0.6331925794598261],0.636643400586113,0.0005
2023-03-06 15:24:46.901508,21,1.8680927157402039,1.9251259565353394,[0.6905398630851283 0.6896638372507928],0.6901018501679606,0.0005
2023-03-06 15:25:20.826989,22,1.7869853874047597,1.8824242651462555,[0.6490209976753935 0.6463614150642728],0.6476912063698331,0.0005
2023-03-06 15:25:56.041327,23,1.5395549635092418,1.8207172453403473,[0.6550772567673492 0.6491178481878277],0.6520975524775885,0.0005
2023-03-06 15:26:28.890603,24,1.469783176978429,1.750967025756836,[0.7066761786875114 0.7017715209484036],0.7042238498179575,0.0005
2023-03-06 15:27:01.828217,25,1.6765510439872742,1.7100397646427155,[0.6716762896116462 0.6638371918970163],0.6677567407543312,0.0005
2023-03-06 15:27:37.337076,26,1.5539465645949047,1.6391243040561676,[0.72409265717397 0.7196585783555496],0.7218756177647598,0.0005
2023-03-06 15:28:14.383171,27,1.3490778058767319,1.5920323729515076,[0.6729601211934185 0.6682864062504833],0.6706232637219509,0.0005
2023-03-06 15:28:50.045599,28,1.405853842695554,1.5373205542564392,[0.7116034339518139 0.7049776964180411],0.7082905651849275,0.0005
2023-03-06 15:29:23.446947,29,1.2105105717976887,1.4632235169410706,[0.7407947224537995 0.7405064130873609],0.7406505677705801,0.0005
2023-03-06 15:29:59.129501,30,1.286193345983823,1.402105301618576,[0.7069191222393553 0.7036267125266851],0.7052729173830201,0.0005
2023-03-06 15:30:32.152069,31,1.1308448563019435,1.3308060765266418,[0.7332295174067637 0.7263760373232897],0.7298027773650266,0.0005
2023-03-06 15:31:07.027930,32,1.2534721543391545,1.267992913722992,[0.7285337730262038 0.7245297673949656],0.7265317702105847,0.0005
2023-03-06 15:31:43.370732,33,1.24612857401371,1.2549891471862793,[0.6828298567236541 0.6765233786901066],0.6796766177068804,0.0005
2023-03-06 15:32:17.301198,34,1.2367418209711711,1.137267991900444,[0.7559578090448328 0.7529016422637068],0.7544297256542698,0.0005
2023-03-06 15:32:52.852381,35,1.1466315537691116,1.1062646806240082,[0.7417254395364379 0.7368356975521573],0.7392805685442976,0.0005
2023-03-06 15:33:30.401296,36,0.7279276003440222,1.0251492112874985,[0.7632982349963482 0.7610896011533631],0.7621939180748556,0.0005
2023-03-06 15:34:03.965763,37,0.8870518058538437,0.9697429537773132,[0.7699284749775893 0.7664259873605836],0.7681772311690864,0.0005
2023-03-06 15:34:38.164082,38,0.6253541484475136,0.9629620611667633,[0.7459457885166019 0.7432806814048637],0.7446132349607328,0.0005
2023-03-06 15:35:11.232115,39,1.040422906478246,0.835194855928421,[0.8073895757223849 0.8046438222721845],0.8060166989972847,0.0005
2023-03-06 15:35:47.795961,40,0.9145287871360779,0.7767904102802277,[0.8171735529487522 0.8142913445251312],0.8157324487369417,0.0005
2023-03-06 15:36:22.310281,41,0.9441308205326399,0.7883319854736328,[0.7910877764167366 0.7884107637213827],0.7897492700690596,0.0005
2023-03-06 15:36:59.053121,42,0.910377266506354,0.7494141757488251,[0.8003044437389598 0.797724835995566],0.7990146398672628,0.0005
2023-03-06 15:37:32.735278,43,0.6972348541021347,0.7953255772590637,[0.7609610367752251 0.7576074953609362],0.7592842660680806,0.0005
2023-03-06 15:38:09.588121,44,0.5099822394549847,0.7192039638757706,[0.7820729128403716 0.7815078047710311],0.7817903588057014,0.0005
2023-03-06 15:38:44.677642,45,0.6535952438910803,0.761071190237999,[0.7602475628551355 0.7592854790605772],0.7597665209578564,0.0005
2023-03-06 15:39:21.114620,46,0.7940264046192169,0.6182200014591217,[0.817850774201522 0.8173210541914098],0.8175859141964659,0.0005
2023-03-06 15:39:54.666442,47,0.5090582941969236,0.6099148467183113,[0.8123724276215528 0.8108976315628822],0.8116350295922174,0.0005
2023-03-06 15:40:30.337965,48,0.7124890312552452,0.6077619269490242,[0.7935920962390406 0.794160691438933],0.7938763938389868,0.0005
2023-03-06 15:41:05.946675,49,0.43110449860493344,0.6425206363201141,[0.7864706011404137 0.784650439035234],0.7855605200878238,0.0005
2023-03-06 15:41:42.962076,50,0.6201523169875145,0.6445718854665756,[0.7652494133761466 0.7647119277205336],0.7649806705483402,0.0005
2023-03-06 15:42:15.071059,51,0.8302413647373518,0.6000119298696518,[0.7849378074977479 0.7840482278923152],0.7844930176950315,0.0005
2023-03-06 15:42:48.542561,52,0.6924691597620646,0.5965636521577835,[0.7821219712376059 0.7810980144111186],0.7816099928243623,0.0005
2023-03-06 15:43:23.880216,53,0.5695918649435043,0.5843555852770805,[0.7736935298621745 0.7741450385141442],0.7739192841881594,0.0005
2023-03-06 15:43:56.696131,54,0.6009805550177892,0.5394031330943108,[0.7921727703300815 0.7921678512848551],0.7921703108074682,0.0005
2023-03-06 15:44:31.642205,55,0.5642427826921145,0.5431074351072311,[0.8017323438327785 0.8011405235844904],0.8014364337086344,0.0005
2023-03-06 15:45:05.879093,56,0.5158875919878483,0.5777897238731384,[0.8010805030643514 0.7992730995242611],0.8001768012943062,0.0005
2023-03-06 15:45:41.177127,57,0.57091860845685,0.5946909561753273,[0.7525700499270079 0.7543687910708514],0.7534694204989296,0.0005
2023-03-06 15:46:15.853115,58,0.6325076259672642,0.762154757976532,[0.7161363738183774 0.7145153454877979],0.7153258596530876,0.0005
2023-03-06 15:46:52.022422,59,0.3310559435437123,0.5886528417468071,[0.7534291892202879 0.7544629959912423],0.7539460926057651,0.0005
2023-03-06 15:47:24.312734,60,1.028724379837513,0.689954474568367,[0.7054241316680494 0.7051663178678078],0.7052952247679286,0.0005
2023-03-06 15:47:59.662604,61,0.766120026508967,0.6587101146578789,[0.7395279139939489 0.7387897230742961],0.7391588185341225,0.0005
2023-03-06 15:48:36.084829,62,0.4556196058789889,0.6113010793924332,[0.769955469211729 0.7686588938295811],0.769307181520655,0.0005
2023-03-06 15:49:09.894047,63,0.42721719294786453,0.5969692021608353,[0.7738383344658901 0.773142562311478],0.7734904483886841,0.0005
2023-03-06 15:49:44.597174,64,0.3412524064381917,0.5134282484650612,[0.7956041429979709 0.7950435793528063],0.7953238611753886,0.0005
2023-03-06 15:50:18.715380,65,0.5152556896209717,0.5306748747825623,[0.781559755649046 0.7814306600673346],0.7814952078581903,0.0005
2023-03-06 15:50:55.399437,66,0.6530289885898432,0.6077768728137016,[0.7222094631243068 0.7232768887189516],0.7227431759216292,0.0005
2023-03-06 15:51:28.729777,67,0.5585870320598284,0.746625266969204,[0.6512191109564918 0.6526507587993582],0.651934934877925,0.0005
2023-03-06 15:52:01.215491,68,0.599171869456768,0.5498599335551262,[0.7709094521175058 0.7703051726626299],0.7706073123900679,0.0005
2023-03-06 15:52:33.377683,69,0.590872290233771,0.5101614594459534,[0.7916726428120351 0.7906957863116019],0.7911842145618184,0.0005
2023-03-06 15:53:11.742784,70,0.5731488255163034,0.549113467335701,[0.7553001716096208 0.7549564758894084],0.7551283237495146,0.0005
2023-03-06 15:53:44.982252,71,0.41019103055198985,0.5275900661945343,[0.7827639158800667 0.7822188499268332],0.7824913829034499,0.0005
2023-03-06 15:54:21.708920,72,0.5960395957032839,0.4111272543668747,[0.8290115934728 0.828827889948164],0.828919741710482,0.0005
2023-03-06 15:54:54.661118,73,0.5784067952384552,0.42968692630529404,[0.8227463386890373 0.8221756302111268],0.8224609844500821,0.0005
2023-03-06 15:55:30.475745,74,0.6512332453082005,0.4727702960371971,[0.81306949572839 0.8116486633023314],0.8123590795153608,0.0005
2023-03-06 15:56:03.321377,75,0.5979688291748365,0.8426494374871254,[0.5769377391709226 0.5838410320673108],0.5803893856191167,0.0005
2023-03-06 15:56:39.538203,76,0.509115636969606,0.6585655733942986,[0.7376756687868571 0.7368029381428393],0.7372393034648481,0.0005
2023-03-06 15:57:15.198370,77,0.8060308396816254,0.593193806707859,[0.7617911976663693 0.7617232543241512],0.7617572259952603,0.0005
2023-03-06 15:57:49.458678,78,0.718487249687314,0.5351396203041077,[0.783249078931291 0.7837839520649871],0.783516515498139,0.0005
2023-03-06 15:58:24.563930,79,0.4096165671944618,0.48723824322223663,[0.8070962284659685 0.8068740247581401],0.8069851266120542,0.0005
2023-03-06 15:59:00.144121,80,0.35945130387942,0.5104893743991852,[0.797326792826444 0.7966606500039861],0.7969937214152151,0.0005
2023-03-06 15:59:37.364465,81,0.493865338464578,0.4298248067498207,[0.8102426827339795 0.8101173204923299],0.8101800016131546,0.0005
2023-03-06 16:00:09.865606,82,0.34001174569129944,0.48252393305301666,[0.8024188018203354 0.8018311482046651],0.8021249750125002,0.0005
2023-03-06 16:00:42.609159,83,0.32839371263980865,0.44513119012117386,[0.799296772033813 0.7991478176273596],0.7992222948305863,0.0005
2023-03-06 16:01:17.808427,84,0.3971014389147361,0.44474826753139496,[0.8054530076564987 0.8050272642638648],0.8052401359601817,0.0005
2023-03-06 16:01:51.788469,85,0.27768905150393647,0.45198768377304077,[0.8056097374930532 0.8050680056040447],0.805338871548549,0.0005
2023-03-06 16:02:26.643910,86,0.3560357391834259,0.48514172434806824,[0.8040826528229061 0.8032095631882753],0.8036461080055908,0.0005
2023-03-06 16:03:00.428339,87,0.26213869266211987,0.4744410589337349,[0.7813191584233933 0.7810762102737046],0.7811976843485489,0.0005
2023-03-06 16:03:34.685807,88,0.6383093856275082,0.4808998182415962,[0.8062208881491508 0.8052021764207474],0.8057115322849491,0.0005
2023-03-06 16:04:12.419908,89,0.43754049700995284,0.5881201177835464,[0.7129927361019268 0.7131561369680013],0.713074436534964,0.0005
2023-03-06 16:04:47.394357,90,0.4882973370452722,0.4485890567302704,[0.8136127071099104 0.8128324411948464],0.8132225741523784,0.0005
2023-03-06 16:05:20.976669,91,0.4612774762014548,0.4334273785352707,[0.8009728073176103 0.8013311116979386],0.8011519595077745,0.0005
2023-03-06 16:05:56.071606,92,0.3126667911807696,0.48917482048273087,[0.7964058423755006 0.7953958682994551],0.7959008553374778,0.0005
2023-03-06 16:06:32.899500,93,0.5828992755462726,0.4643409922719002,[0.7811034479456679 0.7814749876980848],0.7812892178218763,0.0005
2023-03-06 16:07:06.689357,94,0.3914829088995854,0.40294573456048965,[0.8348380988368761 0.8341567946688032],0.8344974467528397,0.0005
2023-03-06 16:07:39.927141,95,0.394469262411197,0.45125000923871994,[0.8195439580736958 0.818997008265301],0.8192704831694984,0.0005
2023-03-06 16:08:15.021128,96,0.2782865446060896,0.41495365649461746,[0.8204564323664992 0.8199161780016195],0.8201863051840594,0.0005
2023-03-06 16:08:50.460878,97,0.748759130636851,0.6316536143422127,[0.6880671869592839 0.6883368256103752],0.6882020062848295,0.0005
2023-03-06 16:09:25.308945,98,0.46807924409707385,0.4083193391561508,[0.8181356231937912 0.8177337917858845],0.8179347074898378,0.0005
2023-03-06 16:10:01.872296,99,0.5028709967931112,0.395242303609848,[0.818688969008474 0.8182442554564521],0.8184666122324631,0.0005
2023-03-06 16:10:37.729379,100,0.49895009646813077,0.42623449116945267,[0.8123932816616966 0.8120819820532427],0.8122376318574696,0.0005
2023-03-06 16:11:14.274508,101,0.6196439390381178,0.5396373197436333,[0.7369945697155661 0.7366158912301258],0.736805230472846,0.0005
2023-03-06 16:11:51.103166,102,0.4129325859248638,0.49369877576828003,[0.7871434824069709 0.7872066193933349],0.7871750509001529,0.0005
2023-03-06 16:12:26.589614,103,0.31086956212917966,0.6938089653849602,[0.671620938888717 0.6717684399970091],0.671694689442863,0.0005
2023-03-06 16:13:02.168903,104,0.3773916841795047,0.578951857984066,[0.7299301708497301 0.730050152252018],0.729990161550874,0.0005
2023-03-06 16:13:33.477160,105,0.40701779288550216,0.6188221164047718,[0.7055471629408379 0.705694275274056],0.705620719107447,0.0005
2023-03-06 16:14:08.634207,106,0.48374961006144684,0.49468616768717766,[0.769578489674134 0.7694049018327457],0.7694916957534399,0.0005
2023-03-06 16:14:41.421406,107,0.6734731436396638,0.4080275818705559,[0.8266208135638281 0.825841421800542],0.826231117682185,0.0005
2023-03-06 16:15:14.265040,108,0.5422088528672854,0.4896279349923134,[0.7641526192961835 0.7635675691448748],0.7638600942205291,0.0005
2023-03-06 16:15:49.342280,109,0.526035080353419,0.41854287683963776,[0.8075483201962138 0.8064600312701357],0.8070041757331747,0.0005
2023-03-06 16:16:24.118207,110,0.3354639702787002,0.46936291456222534,[0.773414796989303 0.7724527884934113],0.7729337927413571,0.0005
2023-03-06 16:16:57.340637,111,0.4950500422467788,0.4369080513715744,[0.8042364302543291 0.8031974119602743],0.8037169211073016,0.0005
2023-03-06 16:17:33.565423,112,0.5927390170594057,0.6710606962442398,[0.6743733558861222 0.6728926767250009],0.6736330163055615,0.0005
2023-03-06 16:18:09.749298,113,0.32622003989915055,0.5043685883283615,[0.7754422476586889 0.7747016343595591],0.775071941009124,0.0005
2023-03-06 16:18:44.638762,114,0.25382473195592564,0.5059915482997894,[0.7923058311154125 0.7921066541849421],0.7922062426501773,0.0005
2023-03-06 16:19:17.829102,115,0.4772215752551953,0.42446963861584663,[0.8020258149099417 0.8015847646069237],0.8018052897584327,0.0005
2023-03-06 16:19:52.091280,116,0.4067528372009595,0.6576995737850666,[0.6869085389032022 0.6867359337416619],0.6868222363224321,0.0005
2023-03-06 16:20:24.085355,117,0.4926931709051132,0.568570077419281,[0.7565045575473025 0.755179400997848],0.7558419792725752,0.0005
2023-03-06 16:20:59.113872,118,0.45030447157720727,0.5214112028479576,[0.7764077297023169 0.7750055050222742],0.7757066173622955,0.0005
2023-03-06 16:21:32.534813,119,0.43476213328540325,0.47825462371110916,[0.7802256359590443 0.7795478302149472],0.7798867330869957,0.0005
2023-03-06 16:22:07.326553,120,0.4370054279764493,0.5265352129936218,[0.7746054531342585 0.7737024221453287],0.7741539376397937,0.0005
2023-03-06 16:22:39.662569,121,0.4162878120938937,0.5297422520816326,[0.7439726484978287 0.7435505737189563],0.7437616111083925,0.0005
2023-03-06 16:23:16.462037,122,0.26133324454228085,0.5818518064916134,[0.722918911702158 0.7223660312057549],0.7226424714539565,0.0005
2023-03-06 16:23:48.957554,123,0.6623066278795401,0.7321944758296013,[0.6552688824548862 0.6549464213687664],0.6551076519118263,0.0005
2023-03-06 16:24:23.430564,124,0.5429402614633242,0.5308477953076363,[0.7449781193814303 0.7438429973411153],0.7444105583612728,0.0005
2023-03-06 16:25:00.602274,125,0.4298412793626388,0.8920494168996811,[0.5629167335054495 0.5626820039352203],0.5627993687203349,0.0005
2023-03-06 16:25:37.159874,126,0.44936132431030273,0.5640518441796303,[0.7540058094475984 0.7532583100022247],0.7536320597249115,0.0005
2023-03-06 16:26:12.723531,127,0.4604508603612582,0.5053160935640335,[0.7721712571969555 0.7713324870859117],0.7717518721414336,0.0005
2023-03-06 16:26:48.291196,128,0.5773913562297821,0.48200172930955887,[0.7780800235163766 0.7774547161974248],0.7777673698569008,0.0005
2023-03-06 16:27:22.144950,129,0.27285226061940193,0.4428771622478962,[0.8021064313520586 0.801225787251295],0.8016661093016768,0.0005
2023-03-06 16:27:58.759216,130,0.43085650851329166,0.44069842994213104,[0.7989885426450776 0.7984207259551718],0.7987046343001247,0.0005
2023-03-06 16:28:34.548105,131,0.2606552913784981,0.5437909178435802,[0.731786820797209 0.73185978664543],0.7318233037213195,0.0005
2023-03-06 16:29:09.181086,132,0.38244353234767914,0.44072139263153076,[0.7933045892150493 0.7928319304914472],0.7930682598532482,0.0005
2023-03-06 16:29:45.412464,133,0.43205235960582894,0.3991564214229584,[0.8285897691873358 0.8280800940264064],0.8283349316068711,0.0005
2023-03-06 16:30:20.634702,134,0.46492829732596874,0.3962876610457897,[0.8222118235668522 0.8215407238115485],0.8218762736892004,0.0005
2023-03-06 16:30:55.467693,135,0.4758505343149106,0.4910348951816559,[0.7899954991524105 0.7892648019715652],0.7896301505619878,0.0005
2023-03-06 16:31:27.885770,136,0.27205740101635456,0.5190045386552811,[0.7475241710377366 0.7476744650271478],0.7475993180324423,0.0005
2023-03-06 16:32:02.936441,137,0.2875464390963316,0.44188713282346725,[0.7982869168962965 0.7975429789375923],0.7979149479169444,0.0005
2023-03-06 16:32:37.924978,138,0.333421278744936,0.48215192556381226,[0.7650515183711794 0.7646569040448089],0.7648542112079941,0.0005
2023-03-06 16:33:14.621963,139,0.35543851740658283,0.540814034640789,[0.7338201876007328 0.7333863887762712],0.733603288188502,0.0005
2023-03-06 16:33:50.136034,140,0.6728507224470377,0.5992677211761475,[0.7042238743329936 0.703509407108703],0.7038666407208483,0.0005
2023-03-06 16:34:26.547844,141,0.6738256961107254,0.47987667471170425,[0.7806593524744757 0.7792811848787836],0.7799702686766297,0.0005
2023-03-06 16:34:58.760373,142,0.5246643392990032,0.4640876427292824,[0.7801596345860896 0.778953622740904],0.7795566286634967,0.0005
2023-03-06 16:35:33.251988,143,0.45337192590037984,0.46689844131469727,[0.7909914989590562 0.7902246067700822],0.7906080528645691,0.0005
2023-03-06 16:36:06.051698,144,0.28982895861069363,0.5111290812492371,[0.7572948044422522 0.757091057046779],0.7571929307445155,0.0005
2023-03-06 16:36:40.722429,145,0.6425430576006571,0.4408852942287922,[0.7859926289631328 0.78567743514557],0.7858350320543515,0.0005
2023-03-06 16:37:16.809087,146,0.8400270976126194,0.40701358020305634,[0.8216173631831052 0.8208871127393288],0.821252237961217,0.0005
2023-03-06 16:37:50.766622,147,0.2396994729836782,0.3831155374646187,[0.8279908841606722 0.8272105994725212],0.8276007418165967,0.0005
2023-03-06 16:38:25.969170,148,0.30545013522108394,0.4677751325070858,[0.7767314820205313 0.7762347811959719],0.7764831316082517,0.0005
2023-03-06 16:39:02.557228,149,0.6781250561277071,0.46938955038785934,[0.7798292745330635 0.7792218658485567],0.7795255701908101,0.0005
2023-03-06 16:39:39.648237,150,0.20252259944876036,0.4694513566792011,[0.7818319434310924 0.7812954768872411],0.7815637101591668,0.0005
2023-03-06 16:40:14.778363,151,0.40221077514191467,0.6089073345065117,[0.7011589123772675 0.7017799218165184],0.7014694170968929,0.0005
2023-03-06 16:40:49.469458,152,0.583673657849431,0.5214977711439133,[0.7657174767612632 0.7655782175344803],0.7656478471478718,0.0005
2023-03-06 16:41:25.080836,153,0.40891972184181213,0.7008803337812424,[0.6650613486275065 0.6647700534759359],0.6649157010517213,0.0005
2023-03-06 16:42:00.775592,154,0.39181088252613944,0.596778929233551,[0.7209227007745431 0.7208047966684228],0.720863748721483,0.0005
2023-03-06 16:42:35.514494,155,0.6118120308965445,0.5832244008779526,[0.7219417852186187 0.7217452152205159],0.7218435002195673,0.0005
2023-03-06 16:43:11.610274,156,0.3479390113304059,0.48797988146543503,[0.7864897059196242 0.7861227489272561],0.7863062274234401,0.0005
2023-03-06 16:43:45.183253,157,0.20233839626113573,0.4625338986515999,[0.7763765996606219 0.7762956724385033],0.7763361360495626,0.0005
2023-03-06 16:44:17.486470,158,0.4887614982823531,0.44354141503572464,[0.7916856110184943 0.7916843561893441],0.7916849836039193,0.0005
2023-03-06 16:44:52.769460,159,0.28951713163405657,0.5443390607833862,[0.7252662018058256 0.7259824049971264],0.725624303401476,0.0005
2023-03-06 16:45:30.334076,160,0.4586318830649058,0.4058082103729248,[0.8161953072932465 0.8157199135568439],0.8159576104250452,0.0005
2023-03-06 16:46:02.768387,161,0.7041382516423861,0.40034791082143784,[0.8203938261274647 0.8200075853127178],0.8202007057200913,0.0005
2023-03-06 16:46:36.654836,162,0.36341416897873086,0.39952152222394943,[0.8226208728089142 0.8222831918624431],0.8224520323356787,0.0005
2023-03-06 16:47:11.270508,163,0.37347900370756787,0.4068105071783066,[0.810194238338921 0.8099349573343982],0.8100645978366596,0.0005
2023-03-06 16:47:47.541474,164,0.2627288804699977,0.4076761081814766,[0.8228293199168726 0.8222680359621276],0.8225486779395002,0.0005
2023-03-06 16:48:21.597563,165,0.39778665142754716,0.4423624016344547,[0.789663563167636 0.7898160899584976],0.7897398265630668,0.0005
2023-03-06 16:48:58.200179,166,0.5230842412759861,0.47416306287050247,[0.7756291070985054 0.7760707764461623],0.7758499417723339,0.0005
2023-03-06 16:49:33.092807,167,0.4065130967646837,0.6389294490218163,[0.6760894616777592 0.677718176083908],0.6769038188808336,0.0005
2023-03-06 16:50:07.301983,168,0.34642281879981357,0.490793377161026,[0.7731058124612996 0.7732257934499792],0.7731658029556394,0.0005
2023-03-06 16:50:42.964177,169,0.3816900647555788,0.501128301024437,[0.7727629236653331 0.7723384783259121],0.7725507009956225,0.0005
2023-03-06 16:51:20.561450,170,0.629470311726133,0.5103237330913544,[0.7672473944777326 0.7668512836859651],0.7670493390818489,0.0005
2023-03-06 16:51:55.325922,171,0.48931464180350304,0.615759115666151,[0.6976828870473816 0.6979866110900593],0.6978347490687205,0.0005
2023-03-06 16:52:32.254592,172,0.29833798483014107,0.41715749725699425,[0.817088792795136 0.8169308226241129],0.8170098077096244,0.0005
2023-03-06 16:53:07.530905,173,0.5440755095332861,0.5855502262711525,[0.7049724752648444 0.705793873784171],0.7053831745245077,0.0005
2023-03-06 16:53:41.316856,174,0.40907389918963116,0.46655337512493134,[0.8059133057465316 0.8052954876450068],0.8056043966957692,0.0005
2023-03-06 16:54:17.374020,175,0.40464516294499236,0.46416352689266205,[0.7976424864387509 0.7971940325231326],0.7974182594809418,0.0005
2023-03-06 16:54:54.369195,176,0.30015697330236435,0.43906667828559875,[0.8024990358657925 0.8018755313197874],0.8021872835927899,0.0005
2023-03-06 16:55:31.910271,177,0.6197450918455919,0.40936192125082016,[0.8234845971944317 0.8228546254376079],0.8231696113160198,0.0005
2023-03-06 16:56:06.741052,178,0.6182586153348287,0.6494912877678871,[0.6640906944813776 0.6647396808282969],0.6644151876548372,0.0005
2023-03-06 16:56:41.933204,179,0.24807796503106752,0.5193596705794334,[0.7468441985128826 0.7458456485254183],0.7463449235191505,0.0005
2023-03-06 16:57:17.406350,180,0.44115202066799003,0.5019158571958542,[0.7710302115543445 0.7702531518755412],0.7706416817149428,0.0005
2023-03-06 16:57:52.134743,181,0.42606258019804955,0.46717803180217743,[0.8062653367679554 0.8056657108575844],0.8059655238127699,0.0005
2023-03-06 16:58:22.753167,182,0.35724627785384655,0.4116057753562927,[0.8210968864689767 0.8206441505227321],0.8208705184958545,0.0005
2023-03-06 16:58:59.207904,183,0.5182134701559941,0.46753550693392754,[0.7722402763499588 0.771853785392175],0.772047030871067,0.0005
2023-03-06 16:59:34.108010,184,0.3673523962497711,0.4198928698897362,[0.8120587950875157 0.8113390309635672],0.8116989130255414,0.0005
2023-03-06 17:00:05.764958,185,0.3050905553003152,0.48921063169837,[0.7610800894226625 0.7615647850761139],0.7613224372493882,0.0005
2023-03-06 17:00:38.510959,186,0.23489335179328918,0.4632776826620102,[0.7780841921202426 0.7781222639476257],0.7781032280339342,0.0005
2023-03-06 17:01:16.579338,187,0.2544835675507784,0.5906865783035755,[0.7120356120571678 0.7126165301414624],0.7123260710993151,0.0005
2023-03-06 17:01:50.664177,188,0.7461245519419512,0.46648719161748886,[0.7844799624190499 0.7839547285186195],0.7842173454688347,0.0005
2023-03-06 17:02:23.312661,189,0.4391287999848525,0.6153039485216141,[0.6906472141628128 0.6915539410162038],0.6911005775895083,0.0005
2023-03-06 17:03:01.214989,190,0.3275468585391839,0.4647922068834305,[0.7819810481008664 0.7814854003917243],0.7817332242462953,0.0005
2023-03-06 17:03:35.892704,191,0.20797844789922237,0.6861623749136925,[0.6694315141854952 0.6694345591142744],0.6694330366498848,0.0005
2023-03-06 17:04:10.116363,192,0.3937343942622344,0.5859716385602951,[0.7176718036783406 0.7167425805742971],0.7172071921263188,0.0005
2023-03-06 17:04:43.659073,193,0.4195727988456686,0.54227065294981,[0.7293323290339835 0.7283462346661305],0.728839281850057,0.0005
2023-03-06 17:05:17.194892,194,0.24818972994883856,0.47768423706293106,[0.7871335402310333 0.7860517425551686],0.786592641393101,0.0005
2023-03-06 17:05:54.259817,195,0.46820434865852195,0.4428558945655823,[0.7908617775650674 0.7900954353297939],0.7904786064474306,0.0005
2023-03-06 17:06:29.572647,196,0.34707896287242573,0.8190178573131561,[0.6003934669421128 0.6010733452593918],0.6007334061007523,0.0005
2023-03-06 17:07:04.544822,197,0.22262359286348024,0.42660287767648697,[0.8135198971633376 0.8130271691202843],0.813273533141811,0.0005
2023-03-06 17:07:41.465864,198,0.5372742302715778,0.6251644417643547,[0.6935061555725415 0.6928286452781778],0.6931674004253596,0.0005
2023-03-06 17:08:17.505640,199,0.44669753685593605,0.5489663332700729,[0.7473321649219442 0.7469086993446825],0.7471204321333134,0.0005
2023-03-06 17:08:54.062036,200,0.40880734970172244,0.5979344695806503,[0.7159768434594468 0.7161618142927864],0.7160693288761166,0.0005
2023-03-06 17:09:23.965579,201,0.20387457683682442,0.4499475583434105,[0.7861584499312544 0.7859534937395418],0.7860559718353981,0.0005
2023-03-06 17:10:00.706826,202,0.3589026766518752,0.4402894601225853,[0.7907374693854959 0.790443437579901],0.7905904534826984,0.0005
2023-03-06 17:10:35.550907,203,0.38145974340538186,0.5234935134649277,[0.7429218903488722 0.7429336131229083],0.7429277517358903,0.0005
2023-03-06 17:11:11.655744,204,0.1790051218122244,0.4640353322029114,[0.7812017323011744 0.7806815575838187],0.7809416449424966,0.0005
2023-03-06 17:11:44.807974,205,0.3549262136220932,0.5216471925377846,[0.7435952699806508 0.7430442770041801],0.7433197734924155,0.0005
2023-03-06 17:12:18.969746,206,0.33885518585642177,0.48132000863552094,[0.7813401957371429 0.7803332995599177],0.7808367476485303,0.0005
2023-03-06 17:12:52.252269,207,0.482018352796634,0.6995708718895912,[0.6624614187524316 0.6623217373495413],0.6623915780509864,0.0005
2023-03-06 17:13:27.446110,208,0.30125000948707265,0.6570056527853012,[0.6809218859244698 0.6803993678195854],0.6806606268720277,0.0005
2023-03-06 17:14:01.153064,209,0.19609566094974676,0.5556689240038395,[0.72522252547217 0.7241732927101137],0.7246979090911418,0.0005
2023-03-06 17:14:37.407103,210,0.4915844338635604,0.6269196420907974,[0.6874719165700074 0.6869500489715965],0.687210982770802,0.0005
2023-03-06 17:15:09.362986,211,0.7647974627713362,0.7149086743593216,[0.6528580465994017 0.6525479140762338],0.6527029803378177,0.0005
2023-03-06 17:15:45.869108,212,0.42479208111763,0.5295381546020508,[0.7545945027021224 0.7532527985032875],0.7539236506027049,0.0005
2023-03-06 17:16:19.573304,213,0.24349639813105264,0.5956623405218124,[0.7137599121749444 0.7129283576895459],0.7133441349322451,0.0005
2023-03-06 17:16:52.686882,214,0.6285120112200578,0.6626585721969604,[0.6798520197547948 0.6795966665892416],0.6797243431720181,0.0005
2023-03-06 17:17:26.865452,215,0.25504713629682857,0.5233598202466965,[0.7602620261759889 0.7590895667870837],0.7596757964815364,0.0005
2023-03-06 17:18:02.573360,216,0.41229033563286066,0.5827090069651604,[0.7153081669474377 0.7148815099754848],0.7150948384614613,0.00025
2023-03-06 17:18:36.930145,217,0.42203435984750587,0.6955824047327042,[0.6618939824183911 0.6621458870675506],0.6620199347429709,0.00025
2023-03-06 17:19:12.067300,218,0.26583369076251984,0.6087198816239834,[0.7068642977213071 0.7063263926380965],0.7065953451797018,0.00025
2023-03-06 17:19:48.002525,219,0.4390978307152788,0.5831803977489471,[0.7270305403540306 0.7262146247768098],0.7266225825654202,0.00025
2023-03-06 17:20:19.312696,220,0.48708774894475937,0.6696449294686317,[0.6762890508853414 0.6762770516199594],0.6762830512526504,0.00025
2023-03-06 17:20:54.892948,221,0.571734394878149,0.798688504844904,[0.6234230286277715 0.6241495834923771],0.6237863060600743,0.00025
2023-03-06 17:21:30.415728,222,0.3306680414825678,0.5542792305350304,[0.7264089350804538 0.7247114756390691],0.7255602053597614,0.00025
2023-03-06 17:22:05.006818,223,0.4825728541860978,0.4572347030043602,[0.8055065143118696 0.8050418072675767],0.8052741607897231,0.00025
2023-03-06 17:22:39.370943,224,0.503959629063805,0.4511066637933254,[0.7796047039165303 0.7795998727905243],0.7796022883535273,0.00025
2023-03-06 17:23:16.141968,225,0.47390854482849437,0.5130086988210678,[0.7435107135469999 0.7438798475128986],0.7436952805299493,0.00025
2023-03-06 17:23:50.441770,226,0.8048258100946745,0.41821203380823135,[0.7976701221146298 0.7974910394265233],0.7975805807705766,0.00025
2023-03-06 17:24:25.782358,227,0.5358737967908382,0.6932239532470703,[0.6489722203074378 0.649834505471508],0.6494033628894729,0.00025
2023-03-06 17:24:59.856320,228,0.2822568453848362,0.6694250851869583,[0.6647922276783357 0.6651935915960892],0.6649929096372125,0.00025
2023-03-06 17:25:34.989774,229,0.3579451373467843,0.49285004287958145,[0.779567886142245 0.7785487984590074],0.7790583423006262,0.00025
2023-03-06 17:26:10.101649,230,0.2708708706001441,0.4581358805298805,[0.7889004114525822 0.7878945364127148],0.7883974739326485,0.00025
2023-03-06 17:26:47.285365,231,0.5158814359456301,0.4321485310792923,[0.8052712099225865 0.8044241511548497],0.8048476805387181,0.00025
2023-03-06 17:27:22.699141,232,0.5033408850431442,0.42426950484514236,[0.8079761710677635 0.8071910686592415],0.8075836198635025,0.00025
2023-03-06 17:27:58.702346,233,0.377813920378685,0.5032642595469952,[0.7540168296094554 0.753288475346613],0.7536526524780343,0.00025
2023-03-06 17:28:33.091355,234,0.3148626647889614,0.670310765504837,[0.6604338233687935 0.6602001665779161],0.6603169949733548,0.00025
2023-03-06 17:29:07.874560,235,0.3697022957106431,0.5162815973162651,[0.7482712283351807 0.7475393435306926],0.7479052859329367,0.00025
2023-03-06 17:29:41.860329,236,0.6643148126701514,0.4337143711745739,[0.8018755350908712 0.8009351370654529],0.8014053360781621,0.00025
2023-03-06 17:30:17.701260,237,0.20952959607044855,0.403189979493618,[0.8130249316563973 0.8122542028367042],0.8126395672465507,0.00025
2023-03-06 17:30:50.457121,238,0.39034458125631016,0.3962218835949898,[0.8158123155519182 0.8150959726642444],0.8154541441080814,0.00025
2023-03-06 17:31:24.071421,239,0.4002113447835048,0.4613223113119602,[0.7745303725525348 0.7739238679240713],0.7742271202383031,0.00025
2023-03-06 17:31:56.634917,240,0.409269488727053,0.4846346974372864,[0.7627557200864433 0.7623645630303985],0.7625601415584209,0.00025
2023-03-06 17:32:33.070134,241,0.4766061119735241,0.4671534337103367,[0.7741827016428845 0.7738066784829417],0.7739946900629131,0.00025
2023-03-06 17:33:07.196426,242,0.3703720457851887,0.5510347411036491,[0.721239976330878 0.7216133453580145],0.7214266608444462,0.00025
2023-03-06 17:33:41.957166,243,0.5629555657505989,0.4697263166308403,[0.7780819639181331 0.7776474770652791],0.7778647204917062,0.00025
2023-03-06 17:34:18.000574,244,0.5688452261189619,0.46502140909433365,[0.7874690556277129 0.7872351280191469],0.7873520918234298,0.00025
2023-03-06 17:34:55.208280,245,0.2642654152587056,0.47789086028933525,[0.770590236113342 0.7707734631954963],0.7706818496544192,0.00025
2023-03-06 17:35:29.905978,246,0.2769403929511706,0.5361078158020973,[0.7303963800539152 0.7311343848580442],0.7307653824559797,0.00025
2023-03-06 17:36:05.181158,247,0.381449818611145,0.4797576852142811,[0.7640437434443106 0.7645018410801003],0.7642727922622055,0.00025
2023-03-06 17:36:41.473643,248,0.20462230406701565,0.4274442046880722,[0.7973572824834028 0.7971871686897345],0.7972722255865686,0.00025
2023-03-06 17:37:15.484897,249,0.36747026070952415,0.4366782307624817,[0.7890810915142371 0.7890158998965096],0.7890484957053734,0.00025
2023-03-06 17:37:50.924057,250,0.2863432814677556,0.4360135942697525,[0.7876817174857621 0.7876076974423416],0.7876447074640518,0.00025
2023-03-06 17:38:26.672084,251,0.6121312410881122,0.40434493124485016,[0.8113700915197691 0.8111109109091073],0.8112405012144381,0.00025
2023-03-06 17:38:59.227250,252,0.3836725763976574,0.43026407063007355,[0.7900820788556026 0.790184614361639],0.7901333466086208,0.00025
2023-03-06 17:39:32.511335,253,0.5279009491205215,0.42015261948108673,[0.802169526075947 0.8017409882267376],0.8019552571513423,0.00025
2023-03-06 17:40:05.728615,254,0.22635850372413793,0.45352281630039215,[0.7773928984947897 0.7774746593532652],0.7774337789240274,0.00025
2023-03-06 17:40:40.406349,255,0.41115573483208817,0.5363522656261921,[0.727193566562516 0.7278002056886733],0.7274968861255946,0.00025
2023-03-06 17:41:16.222485,256,0.2228283000489076,0.46305735781788826,[0.7745020071645448 0.774443134622546],0.7744725708935454,0.00025
2023-03-06 17:41:52.346121,257,0.24973592162132263,0.5045648962259293,[0.7489196143241083 0.7488694258400596],0.7488945200820839,0.00025
2023-03-06 17:42:26.867939,258,0.36136135272681713,0.4731271117925644,[0.7681287492584561 0.768025425375686],0.768077087317071,0.00025
2023-03-06 17:43:01.801487,259,0.17534219846129417,0.38328374177217484,[0.8216117923831388 0.8211870586124103],0.8213994254977746,0.00025
2023-03-06 17:43:37.509078,260,0.3747891852011283,0.39762618765234947,[0.8108766271705344 0.8107718066735321],0.8108242169220332,0.00025
2023-03-06 17:44:11.355376,261,0.20498690009117126,0.4468188025057316,[0.7810209561087702 0.7814048481606652],0.7812129021347177,0.00025
2023-03-06 17:44:45.245812,262,0.2281448875243465,0.5714659281075001,[0.7118794764139293 0.7129202749569082],0.7123998756854188,0.00025
2023-03-06 17:45:19.750051,263,0.6450652945786715,0.4981594905257225,[0.7560499241263641 0.7564143158586784],0.7562321199925213,0.00025
2023-03-06 17:45:55.216457,264,0.33328687616934377,0.4626777917146683,[0.7789266280153464 0.7789151240877936],0.77892087605157,0.00025
2023-03-06 17:46:31.715767,265,0.3769915699958801,0.4476839527487755,[0.7882508431318932 0.7880142685111624],0.7881325558215277,0.00025
2023-03-06 17:47:07.554600,266,0.49952420219779015,0.45995331183075905,[0.782263541418109 0.7820855431130506],0.7821745422655798,0.00025
2023-03-06 17:47:44.835746,267,0.4164864035944144,0.46827153861522675,[0.7752249015068342 0.7752021361665911],0.7752135188367126,0.000125
2023-03-06 17:48:19.807531,268,0.46912952077885467,0.4906700402498245,[0.7610474000588102 0.7613286214998267],0.7611880107793185,0.000125
2023-03-06 17:48:54.078972,269,0.20792663097381592,0.5189961902797222,[0.7436559672821911 0.7441251454171927],0.7438905563496918,0.000125
2023-03-06 17:49:29.819928,270,0.5185851138085127,0.45551036298274994,[0.78021620704605 0.780223557330119],0.7802198821880846,0.000125
2023-03-06 17:50:06.684001,271,0.3861249679078658,0.43631768226623535,[0.7928803035529493 0.7928954654596004],0.7928878845062748,0.000125
2023-03-06 17:50:44.805998,272,0.4662621673196554,0.4646793007850647,[0.7744300295716875 0.7743883691831019],0.7744091993773947,0.000125
2023-03-06 17:51:21.497191,273,0.1692843766262134,0.45297960191965103,[0.7821631035732236 0.7819995000899371],0.7820813018315804,0.000125
2023-03-06 17:51:58.430546,274,0.37551780603826046,0.45680982619524,[0.7851629424415849 0.7847797476194163],0.7849713450305006,0.000125
2023-03-06 17:52:31.276601,275,0.6426073604573806,0.46865329146385193,[0.7784732407426534 0.778274024576833],0.7783736326597432,0.000125
2023-03-06 17:53:05.443457,276,0.34077062954505283,0.4765952602028847,[0.7727015357657975 0.7725870191445611],0.7726442774551793,0.000125
2023-03-06 17:53:40.233166,277,0.1808482939377427,0.5375108569860458,[0.7347305834262357 0.7351472036990282],0.734938893562632,0.000125
2023-03-06 17:54:17.036658,278,0.514810207610329,0.6308499500155449,[0.6805889169827223 0.6810483658754802],0.6808186414291013,0.000125
2023-03-06 17:54:52.203809,279,0.7090592309832573,0.5656488575041294,[0.7177165295175322 0.7183101762109028],0.7180133528642174,0.000125
2023-03-06 17:55:27.604881,280,0.3297013047461708,0.5437083505094051,[0.7326248619462511 0.7331486430164995],0.7328867524813754,0.000125
2023-03-06 17:56:03.971392,281,0.4939889820913474,0.700256235897541,[0.6547476812458027 0.6551715775433491],0.6549596293945759,0.000125
2023-03-06 17:56:40.232179,282,0.2226301326105992,0.7267797589302063,[0.6461884981679004 0.6466639489061013],0.6464262235370009,0.000125
2023-03-06 17:57:13.928864,283,0.48436905816197395,0.7039738558232784,[0.6541012122996227 0.6545179369799131],0.6543095746397679,0.000125
2023-03-06 17:57:49.125122,284,0.5121723326543967,0.6361232995986938,[0.681671663207523 0.6819663066600792],0.6818189849338011,0.000125
2023-03-06 17:58:24.968240,285,0.30686732443670434,0.5996950566768646,[0.7015920858264074 0.7019926455972968],0.7017923657118521,0.000125
2023-03-06 17:58:59.382092,286,0.19926533475518227,0.571080818772316,[0.7201571982406929 0.7203372458417038],0.7202472220411984,0.000125
2023-03-06 17:59:33.906437,287,0.39637036869923276,0.5372471660375595,[0.7417701906833052 0.7419029260185589],0.7418365583509321,0.000125
2023-03-06 18:00:09.621255,288,0.2687908560037613,0.5473299734294415,[0.7329179815236769 0.7331156940763547],0.7330168378000158,0.000125
2023-03-06 18:00:43.241966,289,0.3544501432528098,0.5467844381928444,[0.7291407512042289 0.7292102647753329],0.7291755079897809,0.000125
2023-03-06 18:01:17.058962,290,0.21137147645155588,0.5270288549363613,[0.740831059709781 0.7407373452002114],0.7407842024549962,0.000125
2023-03-06 18:01:52.011323,291,0.21558015855650106,0.5319993458688259,[0.7376816095189107 0.7376456271847108],0.7376636183518108,0.000125
2023-03-06 18:02:26.445296,292,0.4878382856647174,0.5558876879513264,[0.7230572528730506 0.7232876441042576],0.7231724484886541,0.000125
2023-03-06 18:03:01.701466,293,0.33898636729766923,0.5330946631729603,[0.7381264143865042 0.7383766478707045],0.7382515311286043,0.000125
2023-03-06 18:03:37.900041,294,0.3514064469685157,0.48558854684233665,[0.7699427624986845 0.7697276983285176],0.7698352304136011,0.000125
2023-03-06 18:04:12.650613,295,0.3541054291029771,0.524215292185545,[0.7434310064157809 0.7437845386438254],0.7436077725298031,0.000125
2023-03-06 18:04:46.935010,296,0.3161093487093846,0.5366242378950119,[0.7355863846267712 0.7359930977320427],0.735789741179407,0.000125
2023-03-06 18:05:20.251019,297,0.4082877803593874,0.5457485243678093,[0.7303605817929748 0.7309412995194641],0.7306509406562194,0.000125
2023-03-06 18:05:55.138376,298,0.46379996091127396,0.6149575002491474,[0.6873725352512636 0.688110719792091],0.6877416275216773,0.000125
2023-03-06 18:06:27.852211,299,0.33138731370369595,0.5829001031816006,[0.7068373792140054 0.7076256199155635],0.7072314995647844,0.000125
2023-03-06 18:07:02.736166,300,0.1843381760021051,0.5369945392012596,[0.736879959838582 0.7373591545052481],0.7371195571719151,0.000125
2023-03-06 18:07:40.644214,301,0.42252200407286483,0.6135229468345642,[0.6894010492791975 0.6900126247429598],0.6897068370110786,0.000125
2023-03-06 18:08:16.883169,302,0.375691515703996,0.6504233218729496,[0.6706922353175508 0.6711750142630579],0.6709336247903044,0.000125
2023-03-06 18:08:50.812154,303,0.3447736284385125,0.7534332573413849,[0.633347535232699 0.6338476163630987],0.6335975757978989,0.000125
2023-03-06 18:09:24.842201,304,0.26298181774715584,0.6214745976030827,[0.6874992040062049 0.6876812847939587],0.6875902444000819,0.000125
2023-03-06 18:09:59.637290,305,0.349871926009655,0.5850663669407368,[0.7075192583336852 0.7075022398264724],0.7075107490800788,0.000125
2023-03-06 18:10:35.643086,306,0.5331944140295187,0.6955181248486042,[0.6563318319891065 0.6567194608979312],0.6565256464435189,0.000125
2023-03-06 18:11:13.140631,307,0.2694654483348131,0.6714726462960243,[0.6660116161121249 0.6662680185424296],0.6661398173272772,0.000125
2023-03-06 18:11:44.322545,308,0.5399624047180017,0.6584986858069897,[0.671747115813877 0.6719879800920274],0.6718675479529522,0.000125
2023-03-06 18:12:22.646962,309,0.4957808665931225,0.6758674047887325,[0.6654500093622835 0.6656408905282571],0.6655454499452703,0.000125
2023-03-06 18:12:59.905384,310,0.494940884411335,0.6787439398467541,[0.6646785374329929 0.6648069415688072],0.6647427395009,0.000125
2023-03-06 18:13:37.053345,311,0.2362627008308967,0.6641997694969177,[0.6689879598189391 0.6692995969524268],0.669143778385683,0.000125
2023-03-06 18:14:11.003999,312,0.34989929758012295,0.6572273001074791,[0.6681387879300144 0.6684750342367255],0.6683069110833699,0.000125
2023-03-06 18:14:45.958683,313,0.12628812498102585,0.6812719479203224,[0.6573827102011375 0.6578078449509018],0.6575952775760197,0.000125
2023-03-06 18:15:22.076027,314,0.41244202976425487,0.6040195971727371,[0.6917768965667894 0.6920714641523774],0.6919241803595835,0.000125
2023-03-06 18:15:57.649488,315,0.4421820677816868,0.6263648420572281,[0.6812270687897496 0.6814985203468462],0.6813627945682978,0.000125
2023-03-06 18:16:29.403119,316,0.19416373192022243,0.6709948070347309,[0.6638210426500226 0.6642130285545433],0.664017035602283,0.000125
2023-03-06 18:17:04.177414,317,0.27058476582169533,0.5699747540056705,[0.7130987304670168 0.7137181418786321],0.7134084361728245,0.000125
2023-03-06 18:17:38.675101,318,0.21821661417682967,0.5119194872677326,[0.7502066674957752 0.7505468647234497],0.7503767661096125,6.25e-05
2023-03-06 18:18:16.483494,319,0.5646078449984392,0.47580114379525185,[0.7720818495680266 0.7719847661270354],0.772033307847531,6.25e-05
2023-03-06 18:18:49.154876,320,0.6087144911289215,0.4654499441385269,[0.7781550848941011 0.7781659266445282],0.7781605057693146,6.25e-05
2023-03-06 18:19:23.384280,321,0.2142256541798512,0.47173992544412613,[0.7735677363391626 0.7735585678148051],0.7735631520769839,6.25e-05
2023-03-06 18:19:57.106986,322,0.17466800815115371,0.47246239706873894,[0.7721996690436791 0.7721225041399394],0.7721610865918093,6.25e-05
2023-03-06 18:20:31.595931,323,0.38012601993978024,0.4859975166618824,[0.7642091541135574 0.7643226371357379],0.7642658956246476,6.25e-05
2023-03-06 18:21:08.336632,324,0.3132552119592826,0.48750831186771393,[0.7630264564112631 0.7631824895280986],0.7631044729696809,6.25e-05
2023-03-06 18:21:43.005158,325,0.362333112085859,0.46111777797341347,[0.777994545041291 0.7778059069733327],0.7779002260073118,6.25e-05
2023-03-06 18:22:17.714794,326,0.6006269107262293,0.4527856111526489,[0.7827099895489613 0.7827766512710751],0.7827433204100183,6.25e-05
2023-03-06 18:22:52.338714,327,0.27880295490225154,0.48353686183691025,[0.7655990081729438 0.7657587660955304],0.765678887134237,6.25e-05
2023-03-06 18:23:30.668317,328,0.19819914239148298,0.5259939879179001,[0.7398747390396659 0.7403653231093188],0.7401200310744924,6.25e-05
2023-03-06 18:24:06.599634,329,0.1702097598463297,0.5324033498764038,[0.7357911289718693 0.7362790813654839],0.7360351051686767,6.25e-05
2023-03-06 18:24:39.860394,330,0.3870615232735872,0.5246428214013577,[0.7407293391558653 0.7412800718177377],0.7410047054868014,6.25e-05
2023-03-06 18:25:14.538209,331,0.3011489553997914,0.5031953901052475,[0.7539316328995624 0.7541527105364517],0.754042171718007,6.25e-05
2023-03-06 18:25:48.277983,332,0.5182703441629807,0.5189064666628838,[0.7443434161194413 0.7447565482965417],0.7445499822079915,6.25e-05
2023-03-06 18:26:22.189429,333,0.5256853196769953,0.5439113415777683,[0.7276707065856155 0.7282930143168497],0.7279818604512326,6.25e-05
2023-03-06 18:26:58.428733,334,0.32696966640651226,0.5487494133412838,[0.7243815895157437 0.7249349231140401],0.7246582563148919,6.25e-05
2023-03-06 18:27:34.101690,335,0.42819014998773736,0.5199922323226929,[0.7428237313859896 0.7430108569453872],0.7429172941656883,6.25e-05
2023-03-06 18:28:07.988595,336,0.4155081858237584,0.5132080093026161,[0.7480796162432101 0.7484036262333938],0.748241621238302,6.25e-05
2023-03-06 18:28:41.899023,337,0.3807772708435853,0.48978057131171227,[0.7623298306431228 0.7626011410538873],0.762465485848505,6.25e-05
2023-03-06 18:29:14.890870,338,0.21265175131460032,0.46588240563869476,[0.7767607132915227 0.7766800128085565],0.7767203630500397,6.25e-05
2023-03-06 18:29:48.335084,339,0.19049299384156862,0.4836137369275093,[0.7676958071442237 0.767732890227438],0.7677143486858309,6.25e-05
2023-03-06 18:30:22.762085,340,0.37805060638735694,0.48177530243992805,[0.7688005983912337 0.7688814700598379],0.7688410342255358,6.25e-05
2023-03-06 18:30:55.720304,341,0.35647846137483913,0.48408788815140724,[0.7663313882247281 0.7664126947754354],0.7663720415000818,6.25e-05
2023-03-06 18:31:31.553039,342,0.21487542552252611,0.4712042398750782,[0.7732261913781348 0.7731506784493263],0.7731884349137306,6.25e-05
2023-03-06 18:32:03.896779,343,0.4835846293717623,0.47941695898771286,[0.7685902636192996 0.7685336414447955],0.7685619525320475,6.25e-05
2023-03-06 18:32:38.246856,344,0.33502268232405186,0.48089519888162613,[0.7680856564774865 0.7678713222135576],0.767978489345522,6.25e-05
2023-03-06 18:33:12.606054,345,0.37056740870078403,0.5081249512732029,[0.7527374672582197 0.7529263090618138],0.7528318881600167,6.25e-05
2023-03-06 18:33:47.461633,346,0.33235505285362404,0.5185350775718689,[0.7466958095693453 0.7468880477145705],0.746791928641958,6.25e-05
2023-03-06 18:34:24.051922,347,0.18523849546909332,0.5111348181962967,[0.751049565726246 0.7511540971358014],0.7511018314310237,6.25e-05
2023-03-06 18:35:01.033831,348,0.4870594870299101,0.5156597644090652,[0.7486224790028353 0.7487513846512622],0.7486869318270488,6.25e-05
2023-03-06 18:35:38.605823,349,0.16703117390473685,0.5363079756498337,[0.7348041913999931 0.7352464821868143],0.7350253367934036,6.25e-05
2023-03-06 18:36:11.105256,350,0.18614656291902065,0.5326345898211002,[0.7375007713668621 0.7377943689267724],0.7376475701468173,6.25e-05
2023-03-06 18:36:43.058632,351,0.5291766791294018,0.5237062051892281,[0.7433229215484688 0.7435414767100993],0.743432199129284,6.25e-05
2023-03-06 18:37:18.901167,352,0.4136106949299574,0.5183993726968765,[0.7461014397889715 0.7463033856749919],0.7462024127319817,6.25e-05
2023-03-06 18:37:55.147004,353,0.6533806708951791,0.513213537633419,[0.7488300830200502 0.7491350284737623],0.7489825557469063,6.25e-05
2023-03-06 18:38:29.538161,354,0.4046635509779056,0.5143666975200176,[0.748222505141514 0.7485540863415266],0.7483882957415203,6.25e-05
2023-03-06 18:39:02.967732,355,0.38348807642857236,0.522099930793047,[0.7435633773019567 0.7437629797117121],0.7436631785068344,6.25e-05
2023-03-06 18:39:38.504339,356,0.17991727155943713,0.5315766222774982,[0.7377137070352058 0.737837978588593],0.7377758428118995,6.25e-05
2023-03-06 18:40:14.588545,357,0.664780905470252,0.5110791511833668,[0.7501696354911619 0.7502164554955306],0.7501930454933463,6.25e-05
2023-03-06 18:40:48.402642,358,0.3605781979858875,0.4826750122010708,[0.7668683041982172 0.766712479253556],0.7667903917258866,6.25e-05
2023-03-06 18:41:21.713247,359,0.5747996425877014,0.4455202966928482,[0.7902355154887843 0.7898393082393375],0.790037411864061,6.25e-05
2023-03-06 18:41:55.716422,360,0.5032663575063149,0.4384487047791481,[0.7959801035427876 0.7954223669140656],0.7957012352284266,6.25e-05
2023-03-06 18:42:28.942923,361,0.26709721113244694,0.44814126938581467,[0.7866639451490495 0.7862858732440076],0.7864749091965285,6.25e-05
2023-03-06 18:43:02.404907,362,0.20959591772407293,0.4881591647863388,[0.7615609704063401 0.7615739226701357],0.7615674465382378,6.25e-05
2023-03-06 18:43:38.281120,363,0.31694191694259644,0.5299541540443897,[0.7370750221271021 0.7373332900347471],0.7372041560809246,6.25e-05
2023-03-06 18:44:13.654704,364,0.3725974050660928,0.5364963859319687,[0.7334363487464093 0.733754225815573],0.7335952872809912,6.25e-05
2023-03-06 18:44:48.003635,365,0.16537726980944475,0.5293062664568424,[0.7386396354357991 0.7388623805886496],0.7387510080122244,6.25e-05
2023-03-06 18:45:24.536900,366,0.3659425725539525,0.5180105827748775,[0.7458426475531923 0.7460190614398055],0.7459308544964989,6.25e-05
2023-03-06 18:45:56.174827,367,0.3317271564155817,0.5133924596011639,[0.7486539833299133 0.7486191958020624],0.7486365895659879,6.25e-05
2023-03-06 18:46:33.110642,368,0.41570733798046905,0.5162256732583046,[0.7468786138497423 0.7470248148311328],0.7469517143404376,6.25e-05
2023-03-06 18:47:07.109429,369,0.4030090340723594,0.46424607932567596,[0.775535298360113 0.7754069194619614],0.7754711089110372,3.125e-05
2023-03-06 19:14:50.046651,1,3.195007006327311,3.010452389717102,[0.326819593081825 0.34392971684332685],0.3353746549625759,0.001
2023-03-06 19:15:26.035193,2,2.9131086667378745,2.8356874585151672,[0.537092186504708 0.5461083721980527],0.5416002793513803,0.001
2023-03-06 19:16:01.055845,3,2.730196197827657,2.718676447868347,[0.5633831844491285 0.525901055228176],0.5446421198386522,0.001
2023-03-06 19:16:37.504029,4,2.65898726383845,2.6024237871170044,[0.6082614357927613 0.5780880043298701],0.5931747200613157,0.001
2023-03-06 19:17:12.953960,5,2.513361692428589,2.4882837533950806,[0.635644153904694 0.6350837597098813],0.6353639568072876,0.001
2023-03-06 19:17:48.073129,6,2.349927226702372,2.381036639213562,[0.6356066301957664 0.6436082166934087],0.6396074234445875,0.001
2023-03-06 19:18:26.563893,7,2.2638677755991616,2.2862815260887146,[0.6405707900048525 0.6307232732868652],0.6356470316458589,0.001
2023-03-06 19:18:59.344545,8,2.1440951228141785,2.1939969658851624,[0.5765363681209884 0.569457923287797],0.5729971457043928,0.001
2023-03-06 19:19:33.975368,9,2.1150959630807242,2.0930985808372498,[0.6552715624125587 0.663720302596606],0.6594959325045824,0.001
2023-03-06 19:20:07.676853,10,1.9873275657494862,2.0054489374160767,[0.692431432035496 0.7022137067613385],0.6973225693984173,0.001
2023-03-06 19:20:44.369479,11,1.9245830178260803,1.9108676612377167,[0.6595313333606927 0.651565754565097],0.6555485439628949,0.001
2023-03-06 19:21:18.426031,12,1.7732324600219727,1.8208125531673431,[0.6909108462008313 0.6889073984773428],0.6899091223390871,0.001
2023-03-06 19:21:52.417432,13,1.8087575038274128,1.7376097440719604,[0.6595300061109529 0.6521907233384449],0.6558603647246989,0.001
2023-03-06 19:22:25.932827,14,1.6232912341753643,1.622264176607132,[0.6865941364093153 0.6806449493150353],0.6836195428621753,0.001
2023-03-06 19:22:58.042919,15,1.4624811361233394,1.5190719366073608,[0.6697945100342372 0.6637188866825435],0.6667566983583904,0.001
2023-03-06 19:23:30.658604,16,1.3001210788885753,1.3744832575321198,[0.7223210515353999 0.7153058044848571],0.7188134280101286,0.001
2023-03-06 19:24:06.697777,17,1.371527632077535,1.2709653079509735,[0.7134080352261697 0.70950012892769],0.7114540820769298,0.001
2023-03-06 19:24:41.591945,18,1.0681777497132618,1.156467542052269,[0.7096958260941426 0.7049063804965484],0.7073011032953456,0.001
2023-03-06 19:25:17.248626,19,1.2764997333288193,1.0913652330636978,[0.691050626739316 0.691632985057105],0.6913418058982106,0.001
2023-03-06 19:25:51.726287,20,0.7987724294265112,0.9455533027648926,[0.720730069097549 0.7169825501019542],0.7188563095997516,0.001
2023-03-06 19:26:29.992518,21,0.8688156555096308,0.9006220400333405,[0.712992812755875 0.7076041664645022],0.7102984896101886,0.001
2023-03-06 19:27:04.369391,22,0.7956598028540611,0.8347531408071518,[0.7303741738909072 0.725632534161998],0.7280033540264526,0.001
2023-03-06 19:27:39.985191,23,0.6053221945961317,0.8243753910064697,[0.7181236156663464 0.7121816628097266],0.7151526392380365,0.001
2023-03-06 19:28:12.912431,24,0.4864900733033816,0.801108330488205,[0.717372565920934 0.7161918696276466],0.7167822177742903,0.001
2023-03-06 19:28:44.850643,25,0.7344063967466354,0.7865457534790039,[0.7118263190836356 0.709171477644605],0.7104988983641203,0.001
2023-03-06 19:29:17.536275,26,0.7568548632164797,0.7222768664360046,[0.7295672085560657 0.7264908535814149],0.7280290310687403,0.001
2023-03-06 19:29:54.630988,27,0.491535762945811,0.6692210882902145,[0.7508259376821922 0.749032845179059],0.7499293914306255,0.001
2023-03-06 19:30:30.039413,28,0.6888703480362892,0.6573045626282692,[0.7451792179504766 0.7460285010417893],0.745603859496133,0.001
2023-03-06 19:31:05.642807,29,0.473864587644736,0.6468713656067848,[0.7522766052622524 0.7508723014898929],0.7515744533760726,0.001
2023-03-06 19:31:40.502741,30,0.5013594999909401,0.688185915350914,[0.7347809287717244 0.7329793380262418],0.7338801333989831,0.001
2023-03-06 19:32:14.572471,31,0.5197509030501047,0.6045698672533035,[0.7580828115687543 0.7573169178518361],0.7576998647102953,0.001
2023-03-06 19:32:49.572500,32,0.7877004419763883,0.6632859706878662,[0.7311586332596781 0.7299866508577446],0.7305726420587113,0.001
2023-03-06 19:33:24.667790,33,0.8353518272439638,0.6299647241830826,[0.7548344566340336 0.7506622086039575],0.7527483326189955,0.001
2023-03-06 19:33:58.542131,34,0.6894464051971833,0.6007227450609207,[0.7553283237981385 0.752963992665016],0.7541461582315773,0.001
2023-03-06 19:34:33.750571,35,0.8037194473048052,0.6429961621761322,[0.7460603798217961 0.7425121679084347],0.7442862738651154,0.001
2023-03-06 19:35:10.720193,36,0.29900388481716317,0.6955059394240379,[0.7262301991826215 0.7246227924628705],0.7254264958227461,0.001
2023-03-06 19:35:43.479927,37,0.6096310516198477,0.609928622841835,[0.7484337285247764 0.7498583513195924],0.7491460399221844,0.001
2023-03-06 19:36:16.808357,38,0.2991615794599056,0.6793630570173264,[0.7275661355919555 0.7274670002475796],0.7275165679197675,0.001
2023-03-06 19:36:49.729484,39,0.8686826998988787,0.5325153470039368,[0.7751820820327474 0.7757122606839103],0.7754471713583289,0.001
2023-03-06 19:37:26.477197,40,0.6060820383330187,0.5429209470748901,[0.7573401558761519 0.7575052938968511],0.7574227248865015,0.001
2023-03-06 19:38:01.009895,41,0.7759639769792557,0.5360989421606064,[0.7733070513242607 0.7716495042033551],0.772478277763808,0.001
2023-03-06 19:38:37.460252,42,0.7614414375275373,0.5301398858428001,[0.7817541695794411 0.7809427609427609],0.781348465261101,0.001
2023-03-06 19:39:11.961824,43,0.510565339277188,0.5778467655181885,[0.7625865485183616 0.7628730003791515],0.7627297744487566,0.001
2023-03-06 19:39:47.433848,44,0.2837559139976899,0.5726553350687027,[0.7521827818413035 0.751477063827968],0.7518299228346357,0.001
2023-03-06 19:40:22.500978,45,0.5589710213243961,0.663580983877182,[0.7338540688446227 0.7327684665282393],0.7333112676864311,0.001
2023-03-06 19:40:58.190849,46,0.6233502427736918,0.7807030454277992,[0.6174649778657836 0.6219606777511705],0.619712827808477,0.001
2023-03-06 19:41:32.354038,47,0.5534719005227089,0.7017310410737991,[0.7133954015093149 0.7128142228094168],0.7131048121593658,0.001
2023-03-06 19:42:07.825415,48,0.6382382661104202,0.6371525973081589,[0.7086229505803698 0.7125445367455271],0.7105837436629485,0.001
2023-03-06 19:42:45.246598,49,0.5117381153007349,0.6590994000434875,[0.7255403334271684 0.7255485862789925],0.7255444598530805,0.001
2023-03-06 19:43:22.545146,50,0.6152727069954077,0.6821746379137039,[0.7018910816778957 0.7035076468222481],0.7026993642500718,0.001
2023-03-06 19:43:55.306994,51,0.7693329695612192,0.7028038203716278,[0.6766916928333276 0.6777478563512278],0.6772197745922777,0.001
2023-03-06 19:44:28.228623,52,0.5343357566744089,0.5550175085663795,[0.7492353566567423 0.7497280362528238],0.749481696454783,0.001
2023-03-06 19:45:02.949786,53,0.4859853827704986,0.5161204040050507,[0.7580939052682001 0.7589950952862331],0.7585445002772166,0.001
2023-03-06 19:45:35.374112,54,0.5416266818841299,0.5455971136689186,[0.7596345128704174 0.7603761314098918],0.7600053221401546,0.001
2023-03-06 19:46:10.743360,55,0.5288111828267574,0.540250189602375,[0.7455154213156017 0.7473489114114115],0.7464321663635065,0.001
2023-03-06 19:46:44.727303,56,0.3334489477177461,0.6203086078166962,[0.7331879899003214 0.7349162265065595],0.7340521082034405,0.001
2023-03-06 19:47:20.160867,57,0.4802640614410241,0.5818495452404022,[0.7206524389952325 0.7229596078318952],0.7218060234135638,0.001
2023-03-06 19:47:55.000356,58,0.5484839317699274,0.6888147294521332,[0.7151497199981488 0.7151794278490651],0.715164573923607,0.001
2023-03-06 19:48:31.038588,59,0.2747079376131296,0.5217481069266796,[0.7631673902140687 0.7627934815137253],0.762980435863897,0.001
2023-03-06 19:49:04.228507,60,0.8901371906201044,0.5955826044082642,[0.7164840790169484 0.7186503406592086],0.7175672098380785,0.001
2023-03-06 19:49:39.818964,61,0.7558940475185713,0.6140795797109604,[0.7382996264593024 0.7384449676971325],0.7383722970782174,0.001
2023-03-06 19:50:16.535931,62,0.4214384248480201,0.5608458369970322,[0.7591861687516394 0.7599223441834392],0.7595542564675393,0.001
2023-03-06 19:50:50.363928,63,0.40922656655311584,0.5446348339319229,[0.765613276478236 0.7663297911867429],0.7659715338324895,0.001
2023-03-06 19:51:26.111726,64,0.2757025274137656,0.48727698624134064,[0.7716824393166817 0.7723739946630839],0.7720282169898828,0.001
2023-03-06 19:51:59.745086,65,0.4268447794020176,0.5218327790498734,[0.7591590775225409 0.760016434447324],0.7595877559849324,0.001
2023-03-06 19:52:36.367442,66,0.6161904241889715,0.5349210724234581,[0.7565746634596218 0.7568079177688695],0.7566912906142456,0.001
2023-03-06 19:53:10.286058,67,0.5343824780235688,0.7138754166662693,[0.656195490795804 0.6569853348352364],0.6565904128155202,0.001
2023-03-06 19:53:43.755369,68,0.5602561254054308,0.6192755699157715,[0.7145402487346092 0.7156043025361319],0.7150722756353706,0.001
2023-03-06 19:54:16.370680,69,0.5667841055740913,0.5423488020896912,[0.7628326836480946 0.7626056704859012],0.7627191770669979,0.001
2023-03-06 19:54:51.973887,70,0.5205073251078526,0.65705905854702,[0.6681395760380525 0.6691982805749997],0.6686689283065261,0.001
2023-03-06 19:55:25.202319,71,0.41703423485159874,0.5620782598853111,[0.743789978325071 0.7452173625865542],0.7445036704558126,0.001
2023-03-06 19:56:02.224103,72,0.5613481861849626,0.7470571100711823,[0.6425767988738925 0.6426707966507376],0.642623797762315,0.001
2023-03-06 19:56:34.955317,73,0.5163671374320984,0.4986178055405617,[0.782777325567944 0.7833334382230838],0.7830553818955139,0.001
2023-03-06 19:57:10.014747,74,0.582224236180385,0.5147851556539536,[0.7831699727419653 0.7833830632134666],0.7832765179777159,0.001
2023-03-06 19:57:43.243796,75,0.5104357153177261,0.623827688395977,[0.67449411993917 0.6767249071235054],0.6756095135313377,0.001
2023-03-06 19:58:19.874736,76,0.4222648466626803,0.5460320115089417,[0.7730381387838751 0.773214828819998],0.7731264838019365,0.001
2023-03-06 19:58:55.854261,77,0.7100529571374258,0.43552324920892715,[0.8023297006022281 0.8033573088754951],0.8028435047388616,0.001
2023-03-06 19:59:30.747429,78,0.5751081742346287,0.4793345779180527,[0.792743201192051 0.793379616032727],0.793061408612389,0.001
2023-03-06 20:00:06.281432,79,0.3539702035486698,0.42945754528045654,[0.8150282540816737 0.8155383562365082],0.8152833051590909,0.001
2023-03-06 20:00:41.244535,80,0.29744890828927356,0.45514048635959625,[0.8055052577370966 0.8061818588673084],0.8058435583022026,0.001
2023-03-06 20:01:17.767101,81,0.4629367950061957,0.45432769507169724,[0.7802122994727724 0.7822756803884988],0.7812439899306356,0.001
2023-03-06 20:01:50.512054,82,0.2956838123500347,0.4891212731599808,[0.783349626312636 0.7841587816772931],0.7837542039949645,0.001
2023-03-06 20:02:24.368842,83,0.29765752765039605,0.44678734615445137,[0.7856536304508086 0.7873105915063957],0.7864821109786022,0.001
2023-03-06 20:02:59.388817,84,0.3663488545765479,0.43323880434036255,[0.8016842843984385 0.8025174133490307],0.8021008488737347,0.001
2023-03-06 20:03:33.094621,85,0.24304315789292255,0.4335612282156944,[0.80622835885576 0.806389710743006],0.8063090347993831,0.001
2023-03-06 20:04:11.343664,86,0.3090537873407205,0.46680934727191925,[0.7932529856192497 0.7943557665715969],0.7938043760954233,0.001
2023-03-06 20:04:45.849952,87,0.2224778781334559,0.4338749721646309,[0.7978855845599739 0.799237094289544],0.798561339424759,0.001
2023-03-06 20:05:20.663265,88,0.6054963109393915,0.42882759869098663,[0.8091703487201025 0.8106968343650927],0.8099335915425976,0.001
2023-03-06 20:05:58.457453,89,0.43985764930645627,0.5066621229052544,[0.7546452446596598 0.7556213335951986],0.7551332891274292,0.001
2023-03-06 20:06:34.357816,90,0.4154715668410063,0.4691702127456665,[0.7949294597136587 0.7950295255038546],0.7949794926087567,0.001
2023-03-06 20:07:07.925846,91,0.4447945759942134,0.43014493212103844,[0.7894635003977345 0.7904326442604691],0.7899480723291018,0.001
2023-03-06 20:07:42.780275,92,0.2792203513284524,0.4721224159002304,[0.7907499151822686 0.7907332232852715],0.79074156923377,0.001
2023-03-06 20:08:19.941475,93,0.48720735994478065,0.4556955620646477,[0.7754785858840162 0.7757034926955936],0.7755910392898049,0.001
2023-03-06 20:08:54.083191,94,0.39374265385170776,0.47819138318300247,[0.797754208348399 0.7979571589809091],0.7978556836646541,0.001
2023-03-06 20:09:28.364252,95,0.36676728787521523,0.4967760741710663,[0.7622717473420427 0.7629938490111526],0.7626327981765977,0.001
2023-03-06 20:10:05.285785,96,0.2851739985247453,0.478153795003891,[0.7935927057970263 0.79308659894563],0.7933396523713282,0.001
2023-03-06 20:10:41.170863,97,0.7475568975011507,0.7264415323734283,[0.6396581281797763 0.639321725730187],0.6394899269549816,0.001
2023-03-06 20:11:15.797047,98,0.4886155041555564,0.5227391570806503,[0.7627370940007018 0.7630712038640936],0.7629041489323977,0.001
2023-03-06 20:11:51.206511,99,0.48406195143858594,0.5568097196519375,[0.7159006955047529 0.7154005257817305],0.7156506106432416,0.001
2023-03-06 20:12:27.214868,100,0.5688272553185622,0.530777633190155,[0.7492762382042106 0.7491875735605935],0.7492319058824021,0.001
2023-03-06 20:13:03.383748,101,0.6110080685466528,0.5137125328183174,[0.7709297402725969 0.7712881635955965],0.7711089519340967,0.001
2023-03-06 20:13:38.874746,102,0.3683267440646887,0.5632407963275909,[0.7248992963278678 0.7254448168851103],0.725172056606489,0.001
2023-03-06 20:14:14.183012,103,0.27997438609600067,0.4217260330915451,[0.8061539269352446 0.8070744418234681],0.8066141843793564,0.001
2023-03-06 20:14:49.257788,104,0.37334464614590007,0.4165084883570671,[0.8143109074025167 0.8156307492668684],0.8149708283346926,0.001
2023-03-06 20:15:21.854399,105,0.39902822487056255,0.4492572396993637,[0.7762719427670738 0.7770874542443681],0.7766796985057209,0.001
2023-03-06 20:15:56.922317,106,0.45097700133919716,0.46788032352924347,[0.7737641974344724 0.7752499850720903],0.7745070912532814,0.001
2023-03-06 20:17:31.589800,1,3.19499933719635,3.0104288458824158,[0.3268720269652056 0.3440014658625948],0.3354367464139002,0.001
2023-03-06 20:18:05.853420,2,2.9130976796150208,2.835689961910248,[0.5370269707842779 0.5461231011014199],0.5415750359428488,0.001
2023-03-06 20:18:41.847936,3,2.7301966746648154,2.718683958053589,[0.5633972476597613 0.525941462531174],0.5446693550954677,0.001
2023-03-06 20:24:29.187014,1,3.195006092389425,3.010439455509186,[0.32684074245478223 0.3438994945027986],0.3353701184787904,0.001
2023-03-06 20:25:05.075470,2,2.913116753101349,2.835714042186737,[0.5369607707148532 0.546121434575804],0.5415411026453285,0.001
2023-03-06 20:25:41.109489,3,2.730220139026642,2.718689441680908,[0.563348428400137 0.525898754187579],0.544623591293858,0.001
2023-03-06 20:26:17.088758,4,2.6589995423952737,2.6024283170700073,[0.6084697098048624 0.5782407135403115],0.5933552116725869,0.001
2023-03-06 20:26:53.035599,5,2.5133680502573648,2.488283693790436,[0.6356149816049173 0.6351952158802717],0.6354050987425945,0.001
2023-03-06 20:27:30.533860,6,2.3499271472295127,2.381018340587616,[0.6356637922627044 0.6436492558848992],0.6396565240738018,0.001
2023-03-06 20:28:08.816149,7,2.2638661861419678,2.2862731218338013,[0.6405147987250135 0.6306784669666521],0.6355966328458328,0.001
2023-03-06 20:28:42.019613,8,2.1440821985403695,2.1939786672592163,[0.5764864794302385 0.5694626872522034],0.572974583341221,0.001
2023-03-06 20:29:17.592283,9,2.1150396962960563,2.093070685863495,[0.6555747073715179 0.6639378738656171],0.6597562906185674,0.001
2023-03-06 20:33:07.818823,1,3.119089181606586,2.9725219011306763,[0.3836358662869808 0.39907985308828253],0.3913578596876317,0.001
2023-03-06 20:33:46.199498,2,2.8616364369025598,2.819776177406311,[0.5808211639839947 0.5447151350356702],0.5627681495098324,0.001
2023-03-06 20:34:20.451225,3,2.6786885811732364,2.696848750114441,[0.5108268092419324 0.49721361515867074],0.5040202122003016,0.001
2023-03-06 20:34:57.984382,4,2.6092980824984036,2.5729156732559204,[0.6327786855395167 0.6281129740854166],0.6304458298124667,0.001
2023-03-06 20:35:34.813529,5,2.4541744819054236,2.459740102291107,[0.5894808675192107 0.5680922079027241],0.5787865377109673,0.001
2023-03-06 20:36:12.684737,6,2.347679926798894,2.3504202365875244,[0.6027655994398046 0.6188506918283389],0.6108081456340717,0.001
2023-03-06 20:36:47.605527,7,2.1783476792849026,2.249534010887146,[0.6635366284417306 0.6461302656459553],0.6548334470438429,0.001
2023-03-06 20:37:21.784583,8,2.11155197253594,2.1437185406684875,[0.6425549219135772 0.6292775753853598],0.6359162486494685,0.001
2023-03-06 20:37:57.033172,9,2.0278335167811465,2.0530098974704742,[0.5749416911187781 0.5815159396637128],0.5782288153912455,0.001
2023-03-06 20:38:35.373418,10,1.8525409698486328,1.9392475187778473,[0.6831082125415051 0.6729164031322616],0.6780123078368834,0.001
2023-03-06 20:39:11.613966,11,1.791301287137545,1.8592902719974518,[0.6278738192835501 0.6229148869547241],0.625394353119137,0.001
2023-03-06 20:39:49.436602,12,1.5334268349867601,1.7585050761699677,[0.627188293671637 0.6265739412230358],0.6268811174473363,0.001
2023-03-06 20:40:28.698905,13,1.4921105045538683,1.624125212430954,[0.6706923355058485 0.6647291040768639],0.6677107197913562,0.001
2023-03-06 20:41:06.941707,14,1.3820594870127165,1.4907644093036652,[0.6666760115222069 0.6606780067492334],0.6636770091357201,0.001
2023-03-06 20:41:46.228439,15,1.4413042160180898,1.3914219439029694,[0.6568025878700843 0.6530932346871626],0.6549479112786234,0.001
2023-03-06 20:42:22.960133,16,0.9920149353834299,1.208733692765236,[0.7254848367881324 0.7254150755351485],0.7254499561616404,0.001
2023-03-06 20:42:56.912940,17,0.9989348283180823,1.1074615120887756,[0.6898406954135617 0.6862589266238631],0.6880498110187124,0.001
2023-03-06 20:43:34.476786,18,1.2221096547750325,1.0336340516805649,[0.6833401431321424 0.6826915273283459],0.6830158352302442,0.001
2023-03-06 20:44:09.032646,19,0.7701626511720511,0.9403530806303024,[0.7062244778580621 0.703506848605968],0.704865663232015,0.001
2023-03-06 20:44:46.444728,20,0.8760380171812497,0.893526166677475,[0.717235967811947 0.7169327968171465],0.7170843823145467,0.001
2023-03-06 20:45:21.612052,21,0.8273716018750117,0.8605228215456009,[0.7165933681788972 0.7148194839555116],0.7157064260672044,0.001
2023-03-06 20:45:58.656663,22,0.8566025770627536,0.7985066920518875,[0.715217111089859 0.7192975062060362],0.7172573086479476,0.001
2023-03-06 20:46:36.915957,23,0.8469930795522836,0.843020960688591,[0.6843957002809893 0.6853131853460163],0.6848544428135028,0.001
2023-03-06 20:47:12.003846,24,0.6143673062324524,0.7515324503183365,[0.7283223374175306 0.7256822925503162],0.7270023149839234,0.001
2023-03-06 20:47:48.926556,25,0.9838703526900365,0.8032448142766953,[0.7017272443180722 0.700184683316813],0.7009559638174426,0.001
2023-03-06 20:48:23.648637,26,0.655143800836343,0.7726599276065826,[0.6949923823671319 0.6987094831911691],0.6968509327791506,0.001
2023-03-06 20:48:59.671640,27,0.8950834652552238,0.7040185108780861,[0.7298119336246146 0.7310063828145689],0.7304091582195917,0.001
2023-03-06 20:49:34.443848,28,0.8220075861765788,0.7880758121609688,[0.6810037015071883 0.6816409085982252],0.6813223050527067,0.001
2023-03-06 20:50:09.732249,29,0.6948096964221734,0.6979271098971367,[0.713763865359902 0.717686476580092],0.715725170969997,0.001
2023-03-06 20:50:47.643061,30,0.4958114016514558,0.6413948014378548,[0.7329188164219252 0.7362310846996237],0.7345749505607745,0.001
2023-03-06 20:51:22.899115,31,0.6824747329721084,0.7189154028892517,[0.6918124370363586 0.6931073514331811],0.69245989423477,0.001
2023-03-06 20:52:00.731328,32,0.45483980499781096,0.6471355631947517,[0.72594360799343 0.7281898454746137],0.7270667267340218,0.001
2023-03-06 20:52:35.360998,33,0.5127922262136753,0.6243311613798141,[0.7225651569237592 0.7227658976619803],0.7226655272928697,0.001
2023-03-06 20:53:11.156309,34,0.5266681955410883,0.6387523263692856,[0.7251944505183116 0.7259234302527993],0.7255589403855554,0.001
2023-03-06 20:53:44.075357,35,0.6582937785066091,0.6391340419650078,[0.7284865486888147 0.7293132538189171],0.728899901253866,0.001
2023-03-06 20:54:20.252398,36,0.49495312915398526,0.6454775929450989,[0.7059113455214919 0.7040436507161141],0.7049774981188031,0.001
2023-03-06 20:54:54.635102,37,0.7302860674949793,0.6359320282936096,[0.7264595001453318 0.726339827023591],0.7263996635844614,0.001
2023-03-06 20:55:32.757491,38,0.6060828606669719,0.6714885234832764,[0.7133458193250434 0.7127719826201626],0.7130589009726029,0.001
2023-03-06 20:56:06.956961,39,0.406552995626743,0.7098474204540253,[0.6737357651801995 0.672796145249775],0.6732659552149873,0.001
2023-03-06 20:56:42.505142,40,0.49977797957567066,0.566268153488636,[0.7564947340584793 0.7572196104768301],0.7568571722676547,0.001
2023-03-06 20:57:15.872642,41,0.6311250993838677,0.652661919593811,[0.6918705966484832 0.6945900667542978],0.6932303317013905,0.001
2023-03-06 20:57:49.026242,42,0.49117494087952834,0.7205015569925308,[0.7082302380714621 0.7090953218183603],0.7086627799449112,0.001
2023-03-06 20:58:26.744164,43,0.4727844756383162,0.6597456932067871,[0.7250262744352247 0.7258423589055095],0.7254343166703672,0.001
2023-03-06 20:59:04.710003,44,0.4124183402611659,0.5849926844239235,[0.7424641014761384 0.743471781828775],0.7429679416524567,0.001
2023-03-06 20:59:38.345402,45,0.5425662490037771,0.7357752248644829,[0.6598135648376565 0.6595453646965803],0.6596794647671185,0.001
2023-03-06 21:00:16.872405,46,0.7763750220720584,0.6890713050961494,[0.7204867407124859 0.7209497505646795],0.7207182456385827,0.001
2023-03-06 21:00:51.605883,47,0.38324616104364395,0.6291325762867928,[0.698147477283893 0.6999275319157385],0.6990375045998158,0.001
2023-03-06 21:01:26.444375,48,0.3742004495400649,0.7042690217494965,[0.7035624853116365 0.7042623827454825],0.7039124340285594,0.001
2023-03-06 21:02:01.670818,49,0.8439305401765383,0.6831410005688667,[0.7096397169425016 0.7108476922696596],0.7102437046060806,0.001
2023-03-06 21:02:38.270756,50,0.5393944606184959,0.6226373538374901,[0.7310895093723977 0.7320088281446012],0.7315491687584994,0.001
2023-03-06 21:03:14.148663,51,0.6020738803423368,0.7099943310022354,[0.6596557136608084 0.6598080800518396],0.6597318968563239,0.001
2023-03-06 21:03:48.346219,52,0.4706901094088188,0.6966936364769936,[0.7030464506268459 0.7030743951967097],0.7030604229117778,0.001
2023-03-06 21:04:24.880114,53,0.6209917624409382,0.5651620849967003,[0.7457517750639023 0.7450198115739625],0.7453857933189324,0.001
2023-03-06 21:05:00.655573,54,0.21275764818374926,0.5749200582504272,[0.7556049542165483 0.7550248368882143],0.7553148955523813,0.001
2023-03-06 21:05:35.898651,55,0.5633790917121447,0.5472928956151009,[0.7423763471663818 0.7416807113096856],0.7420285292380338,0.001
2023-03-06 21:06:12.797472,56,0.25695397418278915,0.5876789838075638,[0.7554718999831588 0.7552392908636921],0.7553555954234255,0.001
2023-03-06 21:06:51.668872,57,0.48307398649362415,0.5243801474571228,[0.7697934827931133 0.7695982223912987],0.769695852592206,0.001
2023-03-06 21:07:29.417689,58,0.8555742570987115,0.5551319643855095,[0.7644429791574371 0.7640532757676003],0.7642481274625187,0.001
2023-03-06 21:08:05.703472,59,0.5723028710255256,0.6752077043056488,[0.6880467829722645 0.6870070684523809],0.6875269257123227,0.001
2023-03-06 21:08:43.980566,60,0.7245781857233781,0.5797318890690804,[0.7525033102497176 0.7515407970040939],0.7520220536269058,0.001
2023-03-06 21:09:20.515323,61,0.5401895991884745,0.5785435289144516,[0.7415330592946086 0.7389550976917643],0.7402440784931864,0.001
2023-03-06 21:10:00.726248,62,0.7454159191021552,0.5760649591684341,[0.7385118138003997 0.7365194088985194],0.7375156113494595,0.001
2023-03-06 21:10:37.382082,63,0.6205725331719105,0.5565244145691395,[0.7450262396159367 0.7445112644024187],0.7447687520091777,0.001
2023-03-06 21:11:12.986912,64,0.5708415301946493,0.5565832555294037,[0.7457601502209805 0.7459298373308247],0.7458449937759026,0.001
2023-03-06 21:11:50.486306,65,0.37992943880649716,0.643912248313427,[0.7017247844019497 0.7021863554185831],0.7019555699102664,0.001
2023-03-06 21:12:26.570980,66,0.41997951154525465,0.6661995053291321,[0.7174225654780179 0.7170567887289854],0.7172396771035017,0.001
2023-03-06 21:12:58.866544,67,0.6910156538853278,0.5838681906461716,[0.7291777327954596 0.7299340802016258],0.7295559064985426,0.001
2023-03-06 21:13:35.002749,68,0.398259413930086,0.6205189526081085,[0.7331566419636376 0.7328831059368909],0.7330198739502642,0.001
2023-03-06 21:14:08.570420,69,0.5804769815160677,0.5945230722427368,[0.7403679776013634 0.7404666836022399],0.7404173306018016,0.001
2023-03-06 21:14:45.717598,70,0.6588681036463151,0.7643251717090607,[0.6428468434154503 0.6425534466405748],0.6427001450280125,0.001
2023-03-06 21:15:19.506152,71,0.5394641464719405,0.6350540071725845,[0.7303805564438759 0.7305529925324292],0.7304667744881526,0.001
2023-03-06 21:15:57.465236,72,0.4523125972885352,0.6188144385814667,[0.7094164802927765 0.7094903313645592],0.7094534058286679,0.001
2023-03-06 21:16:33.228343,73,0.4104645257958999,0.6121227890253067,[0.7369477828856501 0.737586748182419],0.7372672655340345,0.001
2023-03-06 21:17:08.930737,74,0.5778509791080768,0.6756872721016407,[0.6761958239203959 0.6753202596600985],0.6757580417902471,0.001
2023-03-06 21:17:44.207465,75,0.5468948953426801,0.6133446097373962,[0.7097822354320359 0.7101269691592172],0.7099546022956266,0.001
2023-03-06 21:18:21.482226,76,0.4120747369642441,0.7474237456917763,[0.6514344478430545 0.651844195293795],0.6516393215684247,0.001
2023-03-06 21:18:55.277435,77,0.7749573416434802,0.6507259830832481,[0.7233078061754594 0.7230083489466526],0.723158077561056,0.001
2023-03-06 21:19:32.893622,78,0.6353395260297335,0.6958476155996323,[0.7120436937715113 0.7122466310887857],0.7121451624301485,0.001
2023-03-06 21:20:05.746986,79,0.5064007158462818,0.5731472671031952,[0.7532575199303276 0.7529144752269605],0.7530859975786441,0.001
2023-03-06 21:20:43.428475,80,0.2843514709518506,0.5461501777172089,[0.7569737478388172 0.758158364089071],0.7575660559639441,0.001
2023-03-06 21:21:18.794956,81,0.44621037061397845,0.611668273806572,[0.7359061894496682 0.7360511376147943],0.7359786635322313,0.001
2023-03-06 21:21:54.792159,82,0.49267513476885283,0.6301916539669037,[0.703101440201872 0.7029296898326745],0.7030155650172732,0.001
2023-03-06 21:22:26.850915,83,0.7220391505039655,0.7507255524396896,[0.6469693209163798 0.6469733630020091],0.6469713419591945,0.001
2023-03-06 21:23:02.665460,84,0.4548548184908353,0.6873431578278542,[0.6817181661480085 0.6821372375900577],0.6819277018690331,0.001
2023-03-06 21:23:37.009858,85,0.42980927114303297,0.6344352923333645,[0.6909844204414293 0.6918439743133977],0.6914141973774135,0.001
2023-03-06 21:24:10.832391,86,0.46783018226806933,0.6810609623789787,[0.6755733331994991 0.6762606186768181],0.6759169759381586,0.001
2023-03-06 21:24:48.728473,87,0.6310915883917075,0.6621674597263336,[0.691718490689913 0.6922361310623162],0.6919773108761146,0.001
2023-03-06 21:25:25.865068,88,0.4969364662583058,0.6819546148180962,[0.6759699432602362 0.6765803818894014],0.6762751625748188,0.001
2023-03-06 21:26:00.650525,89,0.40510152394954974,0.6343659982085228,[0.6956532418312533 0.6967217742430379],0.6961875080371456,0.001
2023-03-06 21:26:37.121814,90,0.2910789411801558,0.5876084193587303,[0.7277390026632381 0.7287023758991361],0.7282206892811871,0.001
2023-03-06 21:27:16.651002,91,0.4042817543332393,0.4835716336965561,[0.7843345714823224 0.7845625974514465],0.7844485844668845,0.001
2023-03-06 21:27:52.703930,92,0.5379536088842612,0.6321719959378242,[0.7041062177990898 0.7045439618693763],0.704325089834233,0.001
2023-03-06 21:28:29.644442,93,0.724094189130343,0.6603598892688751,[0.6805064233848446 0.6812697327407645],0.6808880780628046,0.001
2023-03-06 21:29:05.942946,94,0.5018753317686228,0.573824442923069,[0.7243725755721468 0.7250418481695345],0.7247072118708406,0.001
2023-03-06 21:29:43.298283,95,0.5850785185511296,0.5350178480148315,[0.7456776545774233 0.7463174518151846],0.7459975531963039,0.001
2023-03-06 21:30:18.489783,96,0.25573525520471424,0.5342918150126934,[0.7396204175311327 0.7406870137642131],0.740153715647673,0.001
2023-03-06 21:30:54.498710,97,0.5622545881913259,0.5331755578517914,[0.747546547778852 0.7482456506514167],0.7478960992151343,0.001
2023-03-06 21:31:31.456282,98,0.28487567832836735,0.6217367425560951,[0.6973419097707088 0.6983663371196874],0.697854123445198,0.001
2023-03-06 21:32:09.431136,99,0.5948960207975827,0.721227616071701,[0.6586274710052137 0.6590153035985835],0.6588213873018987,0.001
2023-03-06 21:32:46.022505,100,0.46957051983246434,0.5511628612875938,[0.7687004577985165 0.7686012412193958],0.7686508495089561,0.001
